[
{
    "id":1,
     "Blog-title":"4 Ways to be Financially Independent",
     "image url":"./images/image 64.png",
     "Blog-content":[
        {
            "content-1":"# Calculating budgets, Calculate budget, financial dependency,financially independent, Money Management how to become financially independent",
            "content-2":"In this day and age it is very important to be financially independent and there are ways in which you can achieve your goal."
        }
     ],
     "sub-title":"Make a Budget and Stick to It",
     "sub-content":"It is important to know how much your spendings are and how much your savings are in order to know your way to financial independence. One must understand how much money they would require to become independent financially. It usually turns out to be more than estimated. Evaluating what your current status is financially and how much work you would have to do in the following years to reach your goal. Make a budget as to how where and how much time will you need and where most of your money is going so that you know where you can cut down on."
},{
    "id":2,
     "Blog-title":"4 Ways to be Financially Independent",
     "image url":"./images/image 64.png",
     "Blog-content":[
        {
            "content-1":"# Calculating budgets, Calculate budget, financial dependency,financially independent, Money Management how to become financially independent",
            "content-2":"In this day and age it is very important to be financially independent and there are ways in which you can achieve your goal."
        }
     ],
     "sub-title":"Make a Budget and Stick to It",
     "sub-content":"It is important to know how much your spendings are and how much your savings are in order to know your way to financial independence. One must understand how much money they would require to become independent financially. It usually turns out to be more than estimated. Evaluating what your current status is financially and how much work you would have to do in the following years to reach your goal. Make a budget as to how where and how much time will you need and where most of your money is going so that you know where you can cut down on."
}

]