{
    "employeesize":[
   {
       "id": "1",
       "value": "1-10"
   },
   {
       "id": "2",
       "value": "10-50"
   },
   {
       "id": "3",
       "value": "50-100"
   },
   {
       "id": "4",
       "value": "100-500"
   },
   {
       "id": "5",
       "value": "500-1000"
   },
   {
       "id": "6",
       "value": "1000-5000"
   },
   {
       "id": "7",
       "value": "5000-10000"
   },
   {
       "id": "8",
       "value": "10000 & above"
   }
]
}