{
    "productnames":[
   {
       "pid": "1",
       "name": "1 Click Payroll",
       "fid":["1","2","3","4","5","6","7"],
       "fields":{
        "label":"Company Name",
        "type":"text",
        "placeholder": "Enter your Company Name"
       }     
   },
   {
       "pid": "2",
       "name": "1 Click Salary Advance",
       "fid":["1","2","3","4","5","6","7"]
   },
   {
       "pid": "3",
       "name": "1 Click Insurance Funding",
       "fid":["1","2","3","4","5","6","7"]
   },
   {
       "pid": "4",
       "name": "1 Click Lease Rental Discounting",
       "fid":["1","2","3","4","5","8"]
   },
   {
       "pid": "5",
       "name": "1 Click Project Funding",
       "fid":["1","2","3","4","5","9","10"]
   },
   {
       "pid": "6",
       "name": "1 Click Supply Chain Financing",
       "fid":["1","2","3","4","5","9","10"]
   },
   {
       "pid": "7",
       "name": "1 Click Working Capital",
       "fid":["1","2","3","4","5","9","10"]
   },
   {
       "pid": "8",
       "name": "1 Click Collateral Free MSME",
       "fid":["1","2","3","4","5","9","10"]
   },
   {
       "pid": "9",
       "name": "1 Click Human Resource Management System",
       "fid":["1","2","3","4","5","11"]
   },
   {
       "pid": "10",
       "name": "1 Click Entertainment & Production Financial",
       "fid":["1","2","3","4","5","9","10","12"]
   }
],
"fields":[
    {
        "fid":"1",
        "name":"Company Name",
        "pid":["1","2","3","4","5","6","7","8","9","10"]
    },
    {
        "fid":"2",
        "name":"First Name",
        "pid":["1","2","3","4","5","6","7","8","9","10"]
    },
    {
        "fid":"3",
        "name":"Last Name",
        "pid":["1","2","3","4","5","6","7","8","9","10"]
    },
    {
        "fid":"4",
        "name":"Email",
        "pid":["1","2","3","4","5","6","7","8","9","10"]
    },
    {
        "fid":"5",
        "name":"Mobile No",
        "pid":["1","2","3","4","5","6","7","8","9","10"]
    },
    {
        "fid":"6",
        "name":"Designation",
        "pid":["1","2","3"]
    },
    {
        "fid":"7",
        "name":"City",
        "pid":["1","2","3"]
    },
    {
        "fid":"8",
        "name":"Property Type",
        "pid":["4"]
    },
    {
        "fid":"9",
        "name":"Tenure",
        "pid":["5","6","7","8","10"]
    },
    {
        "fid":"10",
        "name":"Amount",
        "pid":["5","6","7","8","10"]
    },
    {
        "fid":"11",
        "name":"Employee Size",
        "pid":["9"]
    },
    {
        "fid":"12",
        "name":"Project Name",
        "pid":["10"]
    }
]
}